file,line,type,commit,author,date,time,timezone,datetime,depth,length
style.css,1,css,d7e2b73d,Ani,2026-04-17,11:51:15,-07:00,2026-04-17T11:51:15-07:00,0,4
style.css,2,css,d7e2b73d,Ani,2026-04-17,11:51:15,-07:00,2026-04-17T11:51:15-07:00,1,23
style.css,3,css,d7e2b73d,Ani,2026-04-17,11:51:15,-07:00,2026-04-17T11:51:15-07:00,0,0
style.css,4,css,d7e2b73d,Ani,2026-04-17,11:51:15,-07:00,2026-04-17T11:51:15-07:00,0,0
style.css,5,css,d320764e,Ani,2026-04-08,12:52:24,-07:00,2026-04-08T12:52:24-07:00,0,4
style.css,6,css,d320764e,Ani,2026-04-08,12:52:24,-07:00,2026-04-08T12:52:24-07:00,1,31
style.css,7,css,d320764e,Ani,2026-04-08,12:52:24,-07:00,2026-04-08T12:52:24-07:00,1,32
style.css,8,css,d320764e,Ani,2026-04-08,12:52:24,-07:00,2026-04-08T12:52:24-07:00,0,0
style.css,9,css,d320764e,Ani,2026-04-08,12:52:24,-07:00,2026-04-08T12:52:24-07:00,0,0
style.css,10,css,275c4b5c,Ani,2026-04-03,12:20:52,-07:00,2026-04-03T12:20:52-07:00,0,4
style.css,11,css,275c4b5c,Ani,2026-04-03,12:20:52,-07:00,2026-04-03T12:20:52-07:00,1,23
style.css,12,css,f4606dfe,Ani,2026-04-08,12:06:01,-07:00,2026-04-08T12:06:01-07:00,1,15
style.css,13,css,a709816d,Ani,2026-04-08,12:13:35,-07:00,2026-04-08T12:13:35-07:00,1,18
style.css,14,css,a709816d,Ani,2026-04-08,12:13:35,-07:00,2026-04-08T12:13:35-07:00,1,11
style.css,15,css,d320764e,Ani,2026-04-08,12:52:24,-07:00,2026-04-08T12:52:24-07:00,0,0
style.css,16,css,d320764e,Ani,2026-04-08,12:52:24,-07:00,2026-04-08T12:52:24-07:00,0,0
style.css,17,css,d320764e,Ani,2026-04-08,12:52:24,-07:00,2026-04-08T12:52:24-07:00,0,3
style.css,18,css,d320764e,Ani,2026-04-08,12:52:24,-07:00,2026-04-08T12:52:24-07:00,1,12
style.css,19,css,d320764e,Ani,2026-04-08,12:52:24,-07:00,2026-04-08T12:52:24-07:00,1,19
style.css,20,css,d7e2b73d,Ani,2026-04-17,11:51:15,-07:00,2026-04-17T11:51:15-07:00,1,39
style.css,21,css,d7e2b73d,Ani,2026-04-17,11:51:15,-07:00,2026-04-17T11:51:15-07:00,1,43
style.css,22,css,d320764e,Ani,2026-04-08,12:52:24,-07:00,2026-04-08T12:52:24-07:00,0,0
style.css,23,css,d320764e,Ani,2026-04-08,12:52:24,-07:00,2026-04-08T12:52:24-07:00,0,0
style.css,24,css,d320764e,Ani,2026-04-08,12:52:24,-07:00,2026-04-08T12:52:24-07:00,0,6
style.css,25,css,d320764e,Ani,2026-04-08,12:52:24,-07:00,2026-04-08T12:52:24-07:00,2,12
style.css,26,css,d320764e,Ani,2026-04-08,12:52:24,-07:00,2026-04-08T12:52:24-07:00,2,9
style.css,27,css,d320764e,Ani,2026-04-08,12:52:24,-07:00,2026-04-08T12:52:24-07:00,2,8
style.css,28,css,d320764e,Ani,2026-04-08,12:52:24,-07:00,2026-04-08T12:52:24-07:00,2,15
style.css,29,css,d320764e,Ani,2026-04-08,12:52:24,-07:00,2026-04-08T12:52:24-07:00,2,10
style.css,30,css,d320764e,Ani,2026-04-08,12:52:24,-07:00,2026-04-08T12:52:24-07:00,0,0
style.css,31,css,d320764e,Ani,2026-04-08,12:52:24,-07:00,2026-04-08T12:52:24-07:00,0,9
style.css,32,css,d320764e,Ani,2026-04-08,12:52:24,-07:00,2026-04-08T12:52:24-07:00,2,6
style.css,33,css,d320764e,Ani,2026-04-08,12:52:24,-07:00,2026-04-08T12:52:24-07:00,0,0
style.css,34,css,d7e2b73d,Ani,2026-04-17,11:51:15,-07:00,2026-04-17T11:51:15-07:00,0,5
style.css,35,css,d320764e,Ani,2026-04-08,12:52:24,-07:00,2026-04-08T12:52:24-07:00,2,13
style.css,36,css,d320764e,Ani,2026-04-08,12:52:24,-07:00,2026-04-08T12:52:24-07:00,2,17
style.css,37,css,d320764e,Ani,2026-04-08,12:52:24,-07:00,2026-04-08T12:52:24-07:00,2,13
style.css,38,css,d320764e,Ani,2026-04-08,12:52:24,-07:00,2026-04-08T12:52:24-07:00,2,20
style.css,39,css,d320764e,Ani,2026-04-08,12:52:24,-07:00,2026-04-08T12:52:24-07:00,2,13
style.css,40,css,d320764e,Ani,2026-04-08,12:52:24,-07:00,2026-04-08T12:52:24-07:00,2,6
style.css,41,css,d320764e,Ani,2026-04-08,12:52:24,-07:00,2026-04-08T12:52:24-07:00,2,46
style.css,42,css,d320764e,Ani,2026-04-08,12:52:24,-07:00,2026-04-08T12:52:24-07:00,0,0
style.css,43,css,d7e2b73d,Ani,2026-04-17,11:51:15,-07:00,2026-04-17T11:51:15-07:00,0,13
style.css,44,css,d320764e,Ani,2026-04-08,12:52:24,-07:00,2026-04-08T12:52:24-07:00,2,16
style.css,45,css,f8beba47,Ani,2026-04-17,12:10:09,-07:00,2026-04-17T12:10:09-07:00,2,45
style.css,46,css,f8beba47,Ani,2026-04-17,12:10:09,-07:00,2026-04-17T12:10:09-07:00,2,63
style.css,47,css,f8beba47,Ani,2026-04-17,12:10:09,-07:00,2026-04-17T12:10:09-07:00,2,16
style.css,48,css,d320764e,Ani,2026-04-08,12:52:24,-07:00,2026-04-08T12:52:24-07:00,2,20
style.css,49,css,d320764e,Ani,2026-04-08,12:52:24,-07:00,2026-04-08T12:52:24-07:00,0,0
style.css,50,css,d7e2b73d,Ani,2026-04-17,11:51:15,-07:00,2026-04-17T11:51:15-07:00,0,25
style.css,51,css,f8beba47,Ani,2026-04-17,12:10:09,-07:00,2026-04-17T12:10:09-07:00,1,45
style.css,52,css,d7e2b73d,Ani,2026-04-17,11:51:15,-07:00,2026-04-17T11:51:15-07:00,1,69
style.css,53,css,f8beba47,Ani,2026-04-17,12:10:09,-07:00,2026-04-17T12:10:09-07:00,1,16
style.css,54,css,4daf99df,Ani,2026-04-09,15:44:58,-07:00,2026-04-09T15:44:58-07:00,0,0
style.css,55,css,4daf99df,Ani,2026-04-09,15:44:58,-07:00,2026-04-09T15:44:58-07:00,0,0
style.css,56,css,7c6c9ca2,Ani,2026-04-09,16:01:44,-07:00,2026-04-09T16:01:44-07:00,0,4
style.css,57,css,7c6c9ca2,Ani,2026-04-09,16:01:44,-07:00,2026-04-09T16:01:44-07:00,1,12
style.css,58,css,7c6c9ca2,Ani,2026-04-09,16:01:44,-07:00,2026-04-09T16:01:44-07:00,1,30
style.css,59,css,7c6c9ca2,Ani,2026-04-09,16:01:44,-07:00,2026-04-09T16:01:44-07:00,1,7
style.css,60,css,49ad4ff9,Ani,2026-04-10,13:09:36,-07:00,2026-04-10T13:09:36-07:00,1,15
style.css,61,css,7c6c9ca2,Ani,2026-04-09,16:01:44,-07:00,2026-04-09T16:01:44-07:00,1,13
style.css,62,css,7c6c9ca2,Ani,2026-04-09,16:01:44,-07:00,2026-04-09T16:01:44-07:00,0,0
style.css,63,css,7c6c9ca2,Ani,2026-04-09,16:01:44,-07:00,2026-04-09T16:01:44-07:00,0,0
style.css,64,css,4daf99df,Ani,2026-04-09,15:44:58,-07:00,2026-04-09T15:44:58-07:00,0,5
style.css,65,css,7c6c9ca2,Ani,2026-04-09,16:01:44,-07:00,2026-04-09T16:01:44-07:00,1,12
style.css,66,css,7c6c9ca2,Ani,2026-04-09,16:01:44,-07:00,2026-04-09T16:01:44-07:00,1,29
style.css,67,css,7c6c9ca2,Ani,2026-04-09,16:01:44,-07:00,2026-04-09T16:01:44-07:00,1,18
style.css,68,css,7c6c9ca2,Ani,2026-04-09,16:01:44,-07:00,2026-04-09T16:01:44-07:00,1,8
style.css,69,css,4daf99df,Ani,2026-04-09,15:44:58,-07:00,2026-04-09T15:44:58-07:00,0,0
style.css,70,css,4daf99df,Ani,2026-04-09,15:44:58,-07:00,2026-04-09T15:44:58-07:00,0,0
style.css,71,css,7c6c9ca2,Ani,2026-04-09,16:01:44,-07:00,2026-04-09T16:01:44-07:00,0,15
style.css,72,css,4daf99df,Ani,2026-04-09,15:44:58,-07:00,2026-04-09T15:44:58-07:00,1,12
style.css,73,css,4daf99df,Ani,2026-04-09,15:44:58,-07:00,2026-04-09T15:44:58-07:00,1,10
style.css,74,css,4daf99df,Ani,2026-04-09,15:44:58,-07:00,2026-04-09T15:44:58-07:00,1,21
style.css,75,css,7c6c9ca2,Ani,2026-04-09,16:01:44,-07:00,2026-04-09T16:01:44-07:00,1,13
style.css,76,css,7c6c9ca2,Ani,2026-04-09,16:01:44,-07:00,2026-04-09T16:01:44-07:00,1,8
style.css,77,css,7c6c9ca2,Ani,2026-04-09,16:01:44,-07:00,2026-04-09T16:01:44-07:00,0,0
style.css,78,css,7c6c9ca2,Ani,2026-04-09,16:01:44,-07:00,2026-04-09T16:01:44-07:00,0,0
style.css,79,css,7c6c9ca2,Ani,2026-04-09,16:01:44,-07:00,2026-04-09T16:01:44-07:00,0,6
style.css,80,css,7c6c9ca2,Ani,2026-04-09,16:01:44,-07:00,2026-04-09T16:01:44-07:00,1,12
style.css,81,css,7c6c9ca2,Ani,2026-04-09,16:01:44,-07:00,2026-04-09T16:01:44-07:00,1,18
style.css,82,css,7c6c9ca2,Ani,2026-04-09,16:01:44,-07:00,2026-04-09T16:01:44-07:00,1,10
style.css,83,css,7c6c9ca2,Ani,2026-04-09,16:01:44,-07:00,2026-04-09T16:01:44-07:00,1,18
style.css,84,css,530333a4,Ani,2026-04-10,12:03:27,-07:00,2026-04-10T12:03:27-07:00,0,0
style.css,85,css,530333a4,Ani,2026-04-10,12:03:27,-07:00,2026-04-10T12:03:27-07:00,0,0
style.css,86,css,530333a4,Ani,2026-04-10,12:03:27,-07:00,2026-04-10T12:03:27-07:00,0,9
style.css,87,css,530333a4,Ani,2026-04-10,12:03:27,-07:00,2026-04-10T12:03:27-07:00,1,12
style.css,88,css,530333a4,Ani,2026-04-10,12:03:27,-07:00,2026-04-10T12:03:27-07:00,1,58
style.css,89,css,530333a4,Ani,2026-04-10,12:03:27,-07:00,2026-04-10T12:03:27-07:00,1,7
style.css,90,css,bc8b577a,Ani,2026-04-10,12:06:22,-07:00,2026-04-10T12:06:22-07:00,0,0
style.css,91,css,bc8b577a,Ani,2026-04-10,12:06:22,-07:00,2026-04-10T12:06:22-07:00,0,0
style.css,92,css,bc8b577a,Ani,2026-04-10,12:06:22,-07:00,2026-04-10T12:06:22-07:00,0,17
style.css,93,css,bc8b577a,Ani,2026-04-10,12:06:22,-07:00,2026-04-10T12:06:22-07:00,1,12
style.css,94,css,bc8b577a,Ani,2026-04-10,12:06:22,-07:00,2026-04-10T12:06:22-07:00,1,26
style.css,95,css,bc8b577a,Ani,2026-04-10,12:06:22,-07:00,2026-04-10T12:06:22-07:00,1,15
style.css,96,css,bc8b577a,Ani,2026-04-10,12:06:22,-07:00,2026-04-10T12:06:22-07:00,1,7
style.css,97,css,bc8b577a,Ani,2026-04-10,12:06:22,-07:00,2026-04-10T12:06:22-07:00,0,0
style.css,98,css,bc8b577a,Ani,2026-04-10,12:06:22,-07:00,2026-04-10T12:06:22-07:00,0,0
style.css,99,css,bc8b577a,Ani,2026-04-10,12:06:22,-07:00,2026-04-10T12:06:22-07:00,0,20
style.css,100,css,bc8b577a,Ani,2026-04-10,12:06:22,-07:00,2026-04-10T12:06:22-07:00,1,8
style.css,101,css,87b73fe1,Ani,2026-04-10,12:13:49,-07:00,2026-04-10T12:13:49-07:00,0,0
style.css,102,css,87b73fe1,Ani,2026-04-10,12:13:49,-07:00,2026-04-10T12:13:49-07:00,0,0
style.css,103,css,87b73fe1,Ani,2026-04-10,12:13:49,-07:00,2026-04-10T12:13:49-07:00,0,2
style.css,104,css,87b73fe1,Ani,2026-04-10,12:13:49,-07:00,2026-04-10T12:13:49-07:00,1,14
style.css,105,css,87b73fe1,Ani,2026-04-10,12:13:49,-07:00,2026-04-10T12:13:49-07:00,1,15
style.css,106,css,87b73fe1,Ani,2026-04-10,12:13:49,-07:00,2026-04-10T12:13:49-07:00,1,17
style.css,107,css,87b73fe1,Ani,2026-04-10,12:13:49,-07:00,2026-04-10T12:13:49-07:00,1,16
style.css,108,css,87b73fe1,Ani,2026-04-10,12:13:49,-07:00,2026-04-10T12:13:49-07:00,1,19
style.css,109,css,87b73fe1,Ani,2026-04-10,12:13:49,-07:00,2026-04-10T12:13:49-07:00,0,0
style.css,110,css,87b73fe1,Ani,2026-04-10,12:13:49,-07:00,2026-04-10T12:13:49-07:00,0,0
style.css,111,css,87b73fe1,Ani,2026-04-10,12:13:49,-07:00,2026-04-10T12:13:49-07:00,0,18
style.css,112,css,87b73fe1,Ani,2026-04-10,12:13:49,-07:00,2026-04-10T12:13:49-07:00,1,15
style.css,113,css,87b73fe1,Ani,2026-04-10,12:13:49,-07:00,2026-04-10T12:13:49-07:00,1,17
style.css,114,css,87b73fe1,Ani,2026-04-10,12:13:49,-07:00,2026-04-10T12:13:49-07:00,1,14
style.css,115,css,87b73fe1,Ani,2026-04-10,12:13:49,-07:00,2026-04-10T12:13:49-07:00,1,19
style.css,116,css,87b73fe1,Ani,2026-04-10,12:13:49,-07:00,2026-04-10T12:13:49-07:00,0,0
style.css,117,css,55bcd9cf,Ani,2026-04-10,12:15:25,-07:00,2026-04-10T12:15:25-07:00,0,0
style.css,118,css,55bcd9cf,Ani,2026-04-10,12:15:25,-07:00,2026-04-10T12:15:25-07:00,0,7
style.css,119,css,c9878c71,Ani,2026-04-10,12:53:27,-07:00,2026-04-10T12:53:27-07:00,1,36
style.css,120,css,c9878c71,Ani,2026-04-10,12:53:27,-07:00,2026-04-10T12:53:27-07:00,1,19
style.css,121,css,c9878c71,Ani,2026-04-10,12:53:27,-07:00,2026-04-10T12:53:27-07:00,1,45
style.css,122,css,c9878c71,Ani,2026-04-10,12:53:27,-07:00,2026-04-10T12:53:27-07:00,1,17
style.css,123,css,c9878c71,Ani,2026-04-10,12:53:27,-07:00,2026-04-10T12:53:27-07:00,1,17
style.css,124,css,55bcd9cf,Ani,2026-04-10,12:15:25,-07:00,2026-04-10T12:15:25-07:00,0,0
style.css,125,css,55bcd9cf,Ani,2026-04-10,12:15:25,-07:00,2026-04-10T12:15:25-07:00,0,0
style.css,126,css,55bcd9cf,Ani,2026-04-10,12:15:25,-07:00,2026-04-10T12:15:25-07:00,0,17
style.css,127,css,55bcd9cf,Ani,2026-04-10,12:15:25,-07:00,2026-04-10T12:15:25-07:00,1,25
style.css,128,css,c9878c71,Ani,2026-04-10,12:53:27,-07:00,2026-04-10T12:53:27-07:00,1,21
style.css,129,css,c9878c71,Ani,2026-04-10,12:53:27,-07:00,2026-04-10T12:53:27-07:00,1,15
style.css,130,css,c9878c71,Ani,2026-04-10,12:53:27,-07:00,2026-04-10T12:53:27-07:00,1,19
style.css,131,css,55bcd9cf,Ani,2026-04-10,12:15:25,-07:00,2026-04-10T12:15:25-07:00,0,0
style.css,132,css,55bcd9cf,Ani,2026-04-10,12:15:25,-07:00,2026-04-10T12:15:25-07:00,0,0
style.css,133,css,55bcd9cf,Ani,2026-04-10,12:15:25,-07:00,2026-04-10T12:15:25-07:00,0,6
style.css,134,css,c9878c71,Ani,2026-04-10,12:53:27,-07:00,2026-04-10T12:53:27-07:00,1,18
style.css,135,css,55bcd9cf,Ani,2026-04-10,12:15:25,-07:00,2026-04-10T12:15:25-07:00,0,0
style.css,136,css,55bcd9cf,Ani,2026-04-10,12:15:25,-07:00,2026-04-10T12:15:25-07:00,0,0
style.css,137,css,55bcd9cf,Ani,2026-04-10,12:15:25,-07:00,2026-04-10T12:15:25-07:00,0,13
style.css,138,css,c9878c71,Ani,2026-04-10,12:53:27,-07:00,2026-04-10T12:53:27-07:00,1,19
style.css,139,css,55bcd9cf,Ani,2026-04-10,12:15:25,-07:00,2026-04-10T12:15:25-07:00,0,0
style.css,140,css,55bcd9cf,Ani,2026-04-10,12:15:25,-07:00,2026-04-10T12:15:25-07:00,0,0
style.css,141,css,55bcd9cf,Ani,2026-04-10,12:15:25,-07:00,2026-04-10T12:15:25-07:00,0,7
style.css,142,css,c9878c71,Ani,2026-04-10,12:53:27,-07:00,2026-04-10T12:53:27-07:00,1,19
style.css,143,css,55bcd9cf,Ani,2026-04-10,12:15:25,-07:00,2026-04-10T12:15:25-07:00,0,0
style.css,144,css,55bcd9cf,Ani,2026-04-10,12:15:25,-07:00,2026-04-10T12:15:25-07:00,0,0
style.css,145,css,55bcd9cf,Ani,2026-04-10,12:15:25,-07:00,2026-04-10T12:15:25-07:00,0,6
style.css,146,css,c9878c71,Ani,2026-04-10,12:53:27,-07:00,2026-04-10T12:53:27-07:00,1,24
style.css,147,css,55bcd9cf,Ani,2026-04-10,12:15:25,-07:00,2026-04-10T12:15:25-07:00,0,0
style.css,148,css,55bcd9cf,Ani,2026-04-10,12:15:25,-07:00,2026-04-10T12:15:25-07:00,0,0
style.css,149,css,55bcd9cf,Ani,2026-04-10,12:15:25,-07:00,2026-04-10T12:15:25-07:00,0,4
style.css,150,css,c9878c71,Ani,2026-04-10,12:53:27,-07:00,2026-04-10T12:53:27-07:00,1,21
style.css,151,css,c9878c71,Ani,2026-04-10,12:53:27,-07:00,2026-04-10T12:53:27-07:00,1,24
style.css,152,css,c9878c71,Ani,2026-04-10,12:53:27,-07:00,2026-04-10T12:53:27-07:00,1,16
style.css,153,css,55bcd9cf,Ani,2026-04-10,12:15:25,-07:00,2026-04-10T12:15:25-07:00,0,0
style.css,154,css,55bcd9cf,Ani,2026-04-10,12:15:25,-07:00,2026-04-10T12:15:25-07:00,0,0
style.css,155,css,d7e2b73d,Ani,2026-04-17,11:51:15,-07:00,2026-04-17T11:51:15-07:00,0,13
style.css,156,css,d7e2b73d,Ani,2026-04-17,11:51:15,-07:00,2026-04-17T11:51:15-07:00,1,17
style.css,157,css,d7e2b73d,Ani,2026-04-17,11:51:15,-07:00,2026-04-17T11:51:15-07:00,1,8
style.css,158,css,d7e2b73d,Ani,2026-04-17,11:51:15,-07:00,2026-04-17T11:51:15-07:00,1,10
style.css,159,css,d7e2b73d,Ani,2026-04-17,11:51:15,-07:00,2026-04-17T11:51:15-07:00,1,13
style.css,160,css,d7e2b73d,Ani,2026-04-17,11:51:15,-07:00,2026-04-17T11:51:15-07:00,1,19
style.css,161,css,d7e2b73d,Ani,2026-04-17,11:51:15,-07:00,2026-04-17T11:51:15-07:00,1,32
style.css,162,css,d7e2b73d,Ani,2026-04-17,11:51:15,-07:00,2026-04-17T11:51:15-07:00,1,19
style.css,163,css,d7e2b73d,Ani,2026-04-17,11:51:15,-07:00,2026-04-17T11:51:15-07:00,1,19
style.css,164,css,d7e2b73d,Ani,2026-04-17,11:51:15,-07:00,2026-04-17T11:51:15-07:00,1,12
style.css,165,css,d7e2b73d,Ani,2026-04-17,11:51:15,-07:00,2026-04-17T11:51:15-07:00,0,0
style.css,166,css,d7e2b73d,Ani,2026-04-17,11:51:15,-07:00,2026-04-17T11:51:15-07:00,0,20
style.css,167,css,d7e2b73d,Ani,2026-04-17,11:51:15,-07:00,2026-04-17T11:51:15-07:00,1,12
style.css,168,css,d7e2b73d,Ani,2026-04-17,11:51:15,-07:00,2026-04-17T11:51:15-07:00,0,0
style.css,169,css,55bcd9cf,Ani,2026-04-10,12:15:25,-07:00,2026-04-10T12:15:25-07:00,0,25
style.css,170,css,55bcd9cf,Ani,2026-04-10,12:15:25,-07:00,2026-04-10T12:15:25-07:00,1,7
style.css,171,css,55bcd9cf,Ani,2026-04-10,12:15:25,-07:00,2026-04-10T12:15:25-07:00,2,17
style.css,172,css,55bcd9cf,Ani,2026-04-10,12:15:25,-07:00,2026-04-10T12:15:25-07:00,1,0
style.css,173,css,55bcd9cf,Ani,2026-04-10,12:15:25,-07:00,2026-04-10T12:15:25-07:00,1,2
style.css,174,css,55bcd9cf,Ani,2026-04-10,12:15:25,-07:00,2026-04-10T12:15:25-07:00,2,14
style.css,175,css,55bcd9cf,Ani,2026-04-10,12:15:25,-07:00,2026-04-10T12:15:25-07:00,1,0
style.css,176,css,55bcd9cf,Ani,2026-04-10,12:15:25,-07:00,2026-04-10T12:15:25-07:00,1,17
style.css,177,css,55bcd9cf,Ani,2026-04-10,12:15:25,-07:00,2026-04-10T12:15:25-07:00,2,15
style.css,178,css,55bcd9cf,Ani,2026-04-10,12:15:25,-07:00,2026-04-10T12:15:25-07:00,1,0
style.css,179,css,d7e2b73d,Ani,2026-04-17,11:51:15,-07:00,2026-04-17T11:51:15-07:00,1,13
style.css,180,css,d7e2b73d,Ani,2026-04-17,11:51:15,-07:00,2026-04-17T11:51:15-07:00,2,10
style.css,181,css,d7e2b73d,Ani,2026-04-17,11:51:15,-07:00,2026-04-17T11:51:15-07:00,2,12
style.css,182,css,d7e2b73d,Ani,2026-04-17,11:51:15,-07:00,2026-04-17T11:51:15-07:00,2,14
style.css,183,css,d7e2b73d,Ani,2026-04-17,11:51:15,-07:00,2026-04-17T11:51:15-07:00,2,19
style.css,184,css,d7e2b73d,Ani,2026-04-17,11:51:15,-07:00,2026-04-17T11:51:15-07:00,1,0
style.css,185,css,55bcd9cf,Ani,2026-04-10,12:15:25,-07:00,2026-04-10T12:15:25-07:00,0,0
style.css,186,css,8a77e0c0,Ani,2026-04-24,21:10:11,-07:00,2026-04-24T21:10:11-07:00,0,0
style.css,187,css,8a77e0c0,Ani,2026-04-24,21:10:11,-07:00,2026-04-24T21:10:11-07:00,0,17
style.css,188,css,8a77e0c0,Ani,2026-04-24,21:10:11,-07:00,2026-04-24T21:10:11-07:00,1,12
style.css,189,css,8a77e0c0,Ani,2026-04-24,21:10:11,-07:00,2026-04-24T21:10:11-07:00,1,36
style.css,190,css,8a77e0c0,Ani,2026-04-24,21:10:11,-07:00,2026-04-24T21:10:11-07:00,1,13
style.css,191,css,8a77e0c0,Ani,2026-04-24,21:10:11,-07:00,2026-04-24T21:10:11-07:00,1,8
style.css,192,css,8a77e0c0,Ani,2026-04-24,21:10:11,-07:00,2026-04-24T21:10:11-07:00,0,0
style.css,193,css,8a77e0c0,Ani,2026-04-24,21:10:11,-07:00,2026-04-24T21:10:11-07:00,0,17
style.css,194,css,8a77e0c0,Ani,2026-04-24,21:10:11,-07:00,2026-04-24T21:10:11-07:00,1,16
style.css,195,css,8a77e0c0,Ani,2026-04-24,21:10:11,-07:00,2026-04-24T21:10:11-07:00,1,10
style.css,196,css,8a77e0c0,Ani,2026-04-24,21:10:11,-07:00,2026-04-24T21:10:11-07:00,0,0
style.css,197,css,8a77e0c0,Ani,2026-04-24,21:10:11,-07:00,2026-04-24T21:10:11-07:00,0,17
style.css,198,css,8a77e0c0,Ani,2026-04-24,21:10:11,-07:00,2026-04-24T21:10:11-07:00,1,8
style.css,199,css,8a77e0c0,Ani,2026-04-24,21:10:11,-07:00,2026-04-24T21:10:11-07:00,1,10
style.css,200,css,8a77e0c0,Ani,2026-04-24,21:10:11,-07:00,2026-04-24T21:10:11-07:00,0,0
style.css,201,css,dfbab867,Ani,2026-05-01,18:00:29,-07:00,2026-05-01T18:00:29-07:00,0,13
style.css,202,css,dfbab867,Ani,2026-05-01,18:00:29,-07:00,2026-05-01T18:00:29-07:00,1,16
style.css,203,css,dfbab867,Ani,2026-05-01,18:00:29,-07:00,2026-05-01T18:00:29-07:00,1,10
style.css,204,css,ee80c337,Ani,2026-05-01,20:18:46,-07:00,2026-05-01T20:18:46-07:00,1,19
style.css,205,css,dfbab867,Ani,2026-05-01,18:00:29,-07:00,2026-05-01T18:00:29-07:00,1,13
style.css,206,css,dfbab867,Ani,2026-05-01,18:00:29,-07:00,2026-05-01T18:00:29-07:00,1,34
style.css,207,css,dfbab867,Ani,2026-05-01,18:00:29,-07:00,2026-05-01T18:00:29-07:00,0,0
style.css,208,css,dfbab867,Ani,2026-05-01,18:00:29,-07:00,2026-05-01T18:00:29-07:00,0,13
style.css,209,css,dfbab867,Ani,2026-05-01,18:00:29,-07:00,2026-05-01T18:00:29-07:00,1,10
style.css,210,css,dfbab867,Ani,2026-05-01,18:00:29,-07:00,2026-05-01T18:00:29-07:00,0,0
style.css,211,css,dfbab867,Ani,2026-05-01,18:00:29,-07:00,2026-05-01T18:00:29-07:00,0,0
style.css,212,css,ee80c337,Ani,2026-05-01,20:18:46,-07:00,2026-05-01T20:18:46-07:00,0,23
style.css,213,css,ee80c337,Ani,2026-05-01,20:18:46,-07:00,2026-05-01T20:18:46-07:00,1,12
style.css,214,css,ee80c337,Ani,2026-05-01,20:18:46,-07:00,2026-05-01T20:18:46-07:00,1,22
style.css,215,css,ee80c337,Ani,2026-05-01,20:18:46,-07:00,2026-05-01T20:18:46-07:00,1,7
style.css,216,css,ee80c337,Ani,2026-05-01,20:18:46,-07:00,2026-05-01T20:18:46-07:00,1,17
style.css,217,css,ee80c337,Ani,2026-05-01,20:18:46,-07:00,2026-05-01T20:18:46-07:00,1,14
style.css,218,css,ee80c337,Ani,2026-05-01,20:18:46,-07:00,2026-05-01T20:18:46-07:00,0,0
style.css,219,css,ee80c337,Ani,2026-05-01,20:18:46,-07:00,2026-05-01T20:18:46-07:00,0,0
style.css,220,css,dfbab867,Ani,2026-05-01,18:00:29,-07:00,2026-05-01T18:00:29-07:00,0,18
style.css,221,css,dfbab867,Ani,2026-05-01,18:00:29,-07:00,2026-05-01T18:00:29-07:00,1,14
style.css,222,css,dfbab867,Ani,2026-05-01,18:00:29,-07:00,2026-05-01T18:00:29-07:00,1,16
style.css,223,css,dfbab867,Ani,2026-05-01,18:00:29,-07:00,2026-05-01T18:00:29-07:00,1,13
style.css,224,css,dfbab867,Ani,2026-05-01,18:00:29,-07:00,2026-05-01T18:00:29-07:00,1,16
style.css,225,css,ee80c337,Ani,2026-05-01,20:18:46,-07:00,2026-05-01T20:18:46-07:00,1,13
style.css,226,css,ee80c337,Ani,2026-05-01,20:18:46,-07:00,2026-05-01T20:18:46-07:00,0,0
style.css,227,css,ee80c337,Ani,2026-05-01,20:18:46,-07:00,2026-05-01T20:18:46-07:00,0,0
style.css,228,css,9d0cc2e7,Ani,2026-05-01,23:01:47,-07:00,2026-05-01T23:01:47-07:00,0,23
style.css,229,css,9d0cc2e7,Ani,2026-05-01,23:01:47,-07:00,2026-05-01T23:01:47-07:00,1,14
style.css,230,css,9d0cc2e7,Ani,2026-05-01,23:01:47,-07:00,2026-05-01T23:01:47-07:00,1,36
style.css,231,css,9d0cc2e7,Ani,2026-05-01,23:01:47,-07:00,2026-05-01T23:01:47-07:00,0,0
style.css,232,css,9d0cc2e7,Ani,2026-05-01,23:01:47,-07:00,2026-05-01T23:01:47-07:00,0,51
style.css,233,css,9d0cc2e7,Ani,2026-05-01,23:01:47,-07:00,2026-05-01T23:01:47-07:00,1,11
style.css,234,css,9d0cc2e7,Ani,2026-05-01,23:01:47,-07:00,2026-05-01T23:01:47-07:00,0,0
style.css,235,css,9d0cc2e7,Ani,2026-05-01,23:01:47,-07:00,2026-05-01T23:01:47-07:00,0,32
style.css,236,css,9d0cc2e7,Ani,2026-05-01,23:01:47,-07:00,2026-05-01T23:01:47-07:00,1,32
style.css,237,css,9d0cc2e7,Ani,2026-05-01,23:01:47,-07:00,2026-05-01T23:01:47-07:00,0,0
style.css,238,css,9d0cc2e7,Ani,2026-05-01,23:01:47,-07:00,2026-05-01T23:01:47-07:00,0,0
style.css,239,css,ee80c337,Ani,2026-05-01,20:18:46,-07:00,2026-05-01T20:18:46-07:00,0,7
style.css,240,css,ee80c337,Ani,2026-05-01,20:18:46,-07:00,2026-05-01T20:18:46-07:00,1,12
style.css,241,css,ee80c337,Ani,2026-05-01,20:18:46,-07:00,2026-05-01T20:18:46-07:00,1,57
style.css,242,css,ee80c337,Ani,2026-05-01,20:18:46,-07:00,2026-05-01T20:18:46-07:00,1,7
style.css,243,css,ee80c337,Ani,2026-05-01,20:18:46,-07:00,2026-05-01T20:18:46-07:00,1,11
style.css,244,css,ee80c337,Ani,2026-05-01,20:18:46,-07:00,2026-05-01T20:18:46-07:00,1,8
style.css,245,css,ee80c337,Ani,2026-05-01,20:18:46,-07:00,2026-05-01T20:18:46-07:00,1,21
style.css,246,css,ee80c337,Ani,2026-05-01,20:18:46,-07:00,2026-05-01T20:18:46-07:00,1,19
style.css,247,css,ee80c337,Ani,2026-05-01,20:18:46,-07:00,2026-05-01T20:18:46-07:00,1,36
style.css,248,css,ee80c337,Ani,2026-05-01,20:18:46,-07:00,2026-05-01T20:18:46-07:00,1,6
style.css,249,css,ee80c337,Ani,2026-05-01,20:18:46,-07:00,2026-05-01T20:18:46-07:00,1,14
style.css,250,css,ee80c337,Ani,2026-05-01,20:18:46,-07:00,2026-05-01T20:18:46-07:00,1,15
style.css,251,css,ee80c337,Ani,2026-05-01,20:18:46,-07:00,2026-05-01T20:18:46-07:00,0,0
style.css,252,css,ee80c337,Ani,2026-05-01,20:18:46,-07:00,2026-05-01T20:18:46-07:00,0,0
style.css,253,css,ee80c337,Ani,2026-05-01,20:18:46,-07:00,2026-05-01T20:18:46-07:00,0,12
style.css,254,css,ee80c337,Ani,2026-05-01,20:18:46,-07:00,2026-05-01T20:18:46-07:00,1,12
style.css,255,css,ee80c337,Ani,2026-05-01,20:18:46,-07:00,2026-05-01T20:18:46-07:00,1,18
style.css,256,css,ee80c337,Ani,2026-05-01,20:18:46,-07:00,2026-05-01T20:18:46-07:00,1,9
style.css,257,css,ee80c337,Ani,2026-05-01,20:18:46,-07:00,2026-05-01T20:18:46-07:00,1,13
style.css,258,css,ee80c337,Ani,2026-05-01,20:18:46,-07:00,2026-05-01T20:18:46-07:00,0,0
style.css,259,css,ee80c337,Ani,2026-05-01,20:18:46,-07:00,2026-05-01T20:18:46-07:00,0,0
style.css,260,css,ee80c337,Ani,2026-05-01,20:18:46,-07:00,2026-05-01T20:18:46-07:00,0,20
style.css,261,css,ee80c337,Ani,2026-05-01,20:18:46,-07:00,2026-05-01T20:18:46-07:00,1,20
style.css,262,css,ee80c337,Ani,2026-05-01,20:18:46,-07:00,2026-05-01T20:18:46-07:00,1,9
style.css,263,css,ee80c337,Ani,2026-05-01,20:18:46,-07:00,2026-05-01T20:18:46-07:00,1,10
style.css,264,css,ee80c337,Ani,2026-05-01,20:18:46,-07:00,2026-05-01T20:18:46-07:00,1,18
style.css,265,css,ee80c337,Ani,2026-05-01,20:18:46,-07:00,2026-05-01T20:18:46-07:00,1,19
style.css,266,css,ee80c337,Ani,2026-05-01,20:18:46,-07:00,2026-05-01T20:18:46-07:00,1,23
style.css,267,css,ee80c337,Ani,2026-05-01,20:18:46,-07:00,2026-05-01T20:18:46-07:00,1,21
style.css,268,css,ee80c337,Ani,2026-05-01,20:18:46,-07:00,2026-05-01T20:18:46-07:00,1,18
style.css,269,css,ee80c337,Ani,2026-05-01,20:18:46,-07:00,2026-05-01T20:18:46-07:00,0,0
style.css,270,css,ee80c337,Ani,2026-05-01,20:18:46,-07:00,2026-05-01T20:18:46-07:00,0,0
style.css,271,css,ee80c337,Ani,2026-05-01,20:18:46,-07:00,2026-05-01T20:18:46-07:00,0,15
style.css,272,css,ee80c337,Ani,2026-05-01,20:18:46,-07:00,2026-05-01T20:18:46-07:00,1,10
style.css,273,css,ee80c337,Ani,2026-05-01,20:18:46,-07:00,2026-05-01T20:18:46-07:00,1,17
style.css,274,css,ee80c337,Ani,2026-05-01,20:18:46,-07:00,2026-05-01T20:18:46-07:00,1,17
style.css,275,css,ee80c337,Ani,2026-05-01,20:18:46,-07:00,2026-05-01T20:18:46-07:00,1,16
style.css,276,css,ee80c337,Ani,2026-05-01,20:18:46,-07:00,2026-05-01T20:18:46-07:00,0,0
style.css,277,css,ee80c337,Ani,2026-05-01,20:18:46,-07:00,2026-05-01T20:18:46-07:00,0,0
style.css,278,css,9d0cc2e7,Ani,2026-05-01,23:01:47,-07:00,2026-05-01T23:01:47-07:00,0,21
style.css,279,css,9d0cc2e7,Ani,2026-05-01,23:01:47,-07:00,2026-05-01T23:01:47-07:00,1,35
style.css,280,css,9d0cc2e7,Ani,2026-05-01,23:01:47,-07:00,2026-05-01T23:01:47-07:00,1,16
style.css,281,css,9d0cc2e7,Ani,2026-05-01,23:01:47,-07:00,2026-05-01T23:01:47-07:00,0,0
style.css,282,css,9d0cc2e7,Ani,2026-05-01,23:01:47,-07:00,2026-05-01T23:01:47-07:00,0,0
style.css,283,css,ee80c337,Ani,2026-05-01,20:18:46,-07:00,2026-05-01T20:18:46-07:00,0,45
style.css,284,css,ee80c337,Ani,2026-05-01,20:18:46,-07:00,2026-05-01T20:18:46-07:00,0,45
style.css,285,css,ee80c337,Ani,2026-05-01,20:18:46,-07:00,2026-05-01T20:18:46-07:00,1,19
style.css,286,css,ee80c337,Ani,2026-05-01,20:18:46,-07:00,2026-05-01T20:18:46-07:00,1,34
style.css,287,css,ee80c337,Ani,2026-05-01,20:18:46,-07:00,2026-05-01T20:18:46-07:00,1,10
style.css,288,css,ee80c337,Ani,2026-05-01,20:18:46,-07:00,2026-05-01T20:18:46-07:00,1,13
style.css,289,css,dfbab867,Ani,2026-05-01,18:00:29,-07:00,2026-05-01T18:00:29-07:00,0,0
index.js,1,js,8a77e0c0,Ani,2026-04-24,21:10:11,-07:00,2026-04-24T21:10:11-07:00,0,71
index.js,2,js,8a77e0c0,Ani,2026-04-24,21:10:11,-07:00,2026-04-24T21:10:11-07:00,0,0
index.js,3,js,8a77e0c0,Ani,2026-04-24,21:10:11,-07:00,2026-04-24T21:10:11-07:00,0,54
index.js,4,js,8a77e0c0,Ani,2026-04-24,21:10:11,-07:00,2026-04-24T21:10:11-07:00,0,42
index.js,5,js,8a77e0c0,Ani,2026-04-24,21:10:11,-07:00,2026-04-24T21:10:11-07:00,0,60
index.js,6,js,8a77e0c0,Ani,2026-04-24,21:10:11,-07:00,2026-04-24T21:10:11-07:00,0,22
index.js,7,js,8a77e0c0,Ani,2026-04-24,21:10:11,-07:00,2026-04-24T21:10:11-07:00,1,54
index.js,8,js,8a77e0c0,Ani,2026-04-24,21:10:11,-07:00,2026-04-24T21:10:11-07:00,0,0
index.js,9,js,8a77e0c0,Ani,2026-04-24,21:10:11,-07:00,2026-04-24T21:10:11-07:00,0,0
index.js,10,js,8a77e0c0,Ani,2026-04-24,21:10:11,-07:00,2026-04-24T21:10:11-07:00,0,60
index.js,11,js,8a77e0c0,Ani,2026-04-24,21:10:11,-07:00,2026-04-24T21:10:11-07:00,0,81
index.js,12,js,8a77e0c0,Ani,2026-04-24,21:10:11,-07:00,2026-04-24T21:10:11-07:00,0,31
index.js,13,js,8a77e0c0,Ani,2026-04-24,21:10:11,-07:00,2026-04-24T21:10:11-07:00,1,24
index.js,14,js,8a77e0c0,Ani,2026-04-24,21:10:11,-07:00,2026-04-24T21:10:11-07:00,2,2
index.js,15,js,8a77e0c0,Ani,2026-04-24,21:10:11,-07:00,2026-04-24T21:10:11-07:00,3,55
index.js,16,js,8a77e0c0,Ani,2026-04-24,21:10:11,-07:00,2026-04-24T21:10:11-07:00,3,55
index.js,17,js,8a77e0c0,Ani,2026-04-24,21:10:11,-07:00,2026-04-24T21:10:11-07:00,3,49
index.js,18,js,8a77e0c0,Ani,2026-04-24,21:10:11,-07:00,2026-04-24T21:10:11-07:00,3,49
index.js,19,js,8a77e0c0,Ani,2026-04-24,21:10:11,-07:00,2026-04-24T21:10:11-07:00,2,3
index.js,20,js,8a77e0c0,Ani,2026-04-24,21:10:11,-07:00,2026-04-24T21:10:11-07:00,1,0
index.js,21,js,8a77e0c0,Ani,2026-04-24,21:10:11,-07:00,2026-04-24T21:10:11-07:00,0,0
index.html,1,html,4b512efa,Ani,2026-04-03,11:57:15,-07:00,2026-04-03T11:57:15-07:00,0,13
index.html,2,html,4b512efa,Ani,2026-04-03,11:57:15,-07:00,2026-04-03T11:57:15-07:00,0,14
index.html,3,html,4b512efa,Ani,2026-04-03,11:57:15,-07:00,2026-04-03T11:57:15-07:00,0,4
index.html,4,html,4b512efa,Ani,2026-04-03,11:57:15,-07:00,2026-04-03T11:57:15-07:00,2,20
index.html,5,html,4b512efa,Ani,2026-04-03,11:57:15,-07:00,2026-04-03T11:57:15-07:00,2,68
index.html,6,html,2e52b8e2,Ani,2026-04-03,12:18:28,-07:00,2026-04-03T12:18:28-07:00,2,38
index.html,7,html,f5170bef,Ani,2026-04-17,11:36:12,-07:00,2026-04-17T11:36:12-07:00,2,45
index.html,8,html,8a77e0c0,Ani,2026-04-24,21:10:11,-07:00,2026-04-24T21:10:11-07:00,2,44
index.html,9,html,4b512efa,Ani,2026-04-03,11:57:15,-07:00,2026-04-03T11:57:15-07:00,2,53
index.html,10,html,4b512efa,Ani,2026-04-03,11:57:15,-07:00,2026-04-03T11:57:15-07:00,0,5
index.html,11,html,4b512efa,Ani,2026-04-03,11:57:15,-07:00,2026-04-03T11:57:15-07:00,0,4
index.html,12,html,3f112274,Ani,2026-04-03,12:14:35,-07:00,2026-04-03T12:14:35-07:00,2,18
index.html,13,html,3f112274,Ani,2026-04-03,12:14:35,-07:00,2026-04-03T12:14:35-07:00,2,178
index.html,14,html,e723c687,Ani,2026-04-03,12:16:49,-07:00,2026-04-03T12:16:49-07:00,2,75
index.html,15,html,8a77e0c0,Ani,2026-04-24,21:10:11,-07:00,2026-04-24T21:10:11-07:00,0,0
index.html,16,html,8a77e0c0,Ani,2026-04-24,21:10:11,-07:00,2026-04-24T21:10:11-07:00,2,22
index.html,17,html,8a77e0c0,Ani,2026-04-24,21:10:11,-07:00,2026-04-24T21:10:11-07:00,2,26
index.html,18,html,8a77e0c0,Ani,2026-04-24,21:10:11,-07:00,2026-04-24T21:10:11-07:00,0,0
index.html,19,html,8a77e0c0,Ani,2026-04-24,21:10:11,-07:00,2026-04-24T21:10:11-07:00,2,27
index.html,20,html,8a77e0c0,Ani,2026-04-24,21:10:11,-07:00,2026-04-24T21:10:11-07:00,2,28
index.html,21,html,4b512efa,Ani,2026-04-03,11:57:15,-07:00,2026-04-03T11:57:15-07:00,0,5
index.html,22,html,4b512efa,Ani,2026-04-03,11:57:15,-07:00,2026-04-03T11:57:15-07:00,0,5
global.js,1,js,5045b606,Ani,2026-04-17,11:30:53,-07:00,2026-04-17T11:30:53-07:00,0,25
global.js,2,js,5045b606,Ani,2026-04-17,11:30:53,-07:00,2026-04-17T11:30:53-07:00,0,0
global.js,3,js,5045b606,Ani,2026-04-17,11:30:53,-07:00,2026-04-17T11:30:53-07:00,0,41
global.js,4,js,5045b606,Ani,2026-04-17,11:30:53,-07:00,2026-04-17T11:30:53-07:00,1,52
global.js,5,js,6ec7895b,Ani,2026-04-17,11:41:56,-07:00,2026-04-17T11:41:56-07:00,0,0
global.js,6,js,6ec7895b,Ani,2026-04-17,11:41:56,-07:00,2026-04-17T11:41:56-07:00,0,0
global.js,7,js,4a51ea66,Ani,2026-04-17,11:45:34,-07:00,2026-04-17T11:45:34-07:00,0,13
global.js,8,js,4a51ea66,Ani,2026-04-17,11:45:34,-07:00,2026-04-17T11:45:34-07:00,1,25
global.js,9,js,4a51ea66,Ani,2026-04-17,11:45:34,-07:00,2026-04-17T11:45:34-07:00,1,38
global.js,10,js,4a51ea66,Ani,2026-04-17,11:45:34,-07:00,2026-04-17T11:45:34-07:00,1,36
global.js,11,js,4a51ea66,Ani,2026-04-17,11:45:34,-07:00,2026-04-17T11:45:34-07:00,1,34
global.js,12,js,4a51ea66,Ani,2026-04-17,11:45:34,-07:00,2026-04-17T11:45:34-07:00,1,55
global.js,13,js,4a51ea66,Ani,2026-04-17,11:45:34,-07:00,2026-04-17T11:45:34-07:00,0,0
global.js,14,js,6ec7895b,Ani,2026-04-17,11:41:56,-07:00,2026-04-17T11:41:56-07:00,0,0
global.js,15,js,6ec7895b,Ani,2026-04-17,11:41:56,-07:00,2026-04-17T11:41:56-07:00,0,0
global.js,16,js,4a51ea66,Ani,2026-04-17,11:45:34,-07:00,2026-04-17T11:45:34-07:00,0,15
global.js,17,js,4a51ea66,Ani,2026-04-17,11:45:34,-07:00,2026-04-17T11:45:34-07:00,1,70
global.js,18,js,4a51ea66,Ani,2026-04-17,11:45:34,-07:00,2026-04-17T11:45:34-07:00,2,3
global.js,19,js,4a51ea66,Ani,2026-04-17,11:45:34,-07:00,2026-04-17T11:45:34-07:00,2,14
global.js,20,js,4a51ea66,Ani,2026-04-17,11:45:34,-07:00,2026-04-17T11:45:34-07:00,0,0
global.js,21,js,4a51ea66,Ani,2026-04-17,11:45:34,-07:00,2026-04-17T11:45:34-07:00,0,38
global.js,22,js,4a51ea66,Ani,2026-04-17,11:45:34,-07:00,2026-04-17T11:45:34-07:00,0,25
global.js,23,js,4a51ea66,Ani,2026-04-17,11:45:34,-07:00,2026-04-17T11:45:34-07:00,0,0
global.js,24,js,4a51ea66,Ani,2026-04-17,11:45:34,-07:00,2026-04-17T11:45:34-07:00,0,20
global.js,25,js,4a51ea66,Ani,2026-04-17,11:45:34,-07:00,2026-04-17T11:45:34-07:00,1,14
global.js,26,js,4a51ea66,Ani,2026-04-17,11:45:34,-07:00,2026-04-17T11:45:34-07:00,1,28
global.js,27,js,4a51ea66,Ani,2026-04-17,11:45:34,-07:00,2026-04-17T11:45:34-07:00,2,20
global.js,28,js,4a51ea66,Ani,2026-04-17,11:45:34,-07:00,2026-04-17T11:45:34-07:00,1,0
global.js,29,js,4a51ea66,Ani,2026-04-17,11:45:34,-07:00,2026-04-17T11:45:34-07:00,1,34
global.js,30,js,4a51ea66,Ani,2026-04-17,11:45:34,-07:00,2026-04-17T11:45:34-07:00,1,11
global.js,31,js,4a51ea66,Ani,2026-04-17,11:45:34,-07:00,2026-04-17T11:45:34-07:00,1,22
global.js,32,js,4a51ea66,Ani,2026-04-17,11:45:34,-07:00,2026-04-17T11:45:34-07:00,0,0
global.js,33,js,4a51ea66,Ani,2026-04-17,11:45:34,-07:00,2026-04-17T11:45:34-07:00,1,17
global.js,34,js,4a51ea66,Ani,2026-04-17,11:45:34,-07:00,2026-04-17T11:45:34-07:00,2,8
global.js,35,js,4a51ea66,Ani,2026-04-17,11:45:34,-07:00,2026-04-17T11:45:34-07:00,2,58
global.js,36,js,4a51ea66,Ani,2026-04-17,11:45:34,-07:00,2026-04-17T11:45:34-07:00,1,0
global.js,37,js,4a51ea66,Ani,2026-04-17,11:45:34,-07:00,2026-04-17T11:45:34-07:00,0,0
global.js,38,js,4a51ea66,Ani,2026-04-17,11:45:34,-07:00,2026-04-17T11:45:34-07:00,1,52
global.js,39,js,4a51ea66,Ani,2026-04-17,11:45:34,-07:00,2026-04-17T11:45:34-07:00,1,31
global.js,40,js,4a51ea66,Ani,2026-04-17,11:45:34,-07:00,2026-04-17T11:45:34-07:00,0,0
global.js,41,js,4a51ea66,Ani,2026-04-17,11:45:34,-07:00,2026-04-17T11:45:34-07:00,1,12
global.js,42,js,d7e2b73d,Ani,2026-04-17,11:51:15,-07:00,2026-04-17T11:51:15-07:00,0,0
global.js,43,js,d7e2b73d,Ani,2026-04-17,11:51:15,-07:00,2026-04-17T11:51:15-07:00,0,0
global.js,44,js,d7e2b73d,Ani,2026-04-17,11:51:15,-07:00,2026-04-17T11:51:15-07:00,0,31
global.js,45,js,d7e2b73d,Ani,2026-04-17,11:51:15,-07:00,2026-04-17T11:51:15-07:00,1,11
global.js,46,js,d7e2b73d,Ani,2026-04-17,11:51:15,-07:00,2026-04-17T11:51:15-07:00,1,0
global.js,47,js,d7e2b73d,Ani,2026-04-17,11:51:15,-07:00,2026-04-17T11:51:15-07:00,1,26
global.js,48,js,d7e2b73d,Ani,2026-04-17,11:51:15,-07:00,2026-04-17T11:51:15-07:00,2,4
global.js,49,js,d7e2b73d,Ani,2026-04-17,11:51:15,-07:00,2026-04-17T11:51:15-07:00,2,6
global.js,50,js,d7e2b73d,Ani,2026-04-17,11:51:15,-07:00,2026-04-17T11:51:15-07:00,3,43
global.js,51,js,d7e2b73d,Ani,2026-04-17,11:51:15,-07:00,2026-04-17T11:51:15-07:00,3,34
global.js,52,js,d7e2b73d,Ani,2026-04-17,11:51:15,-07:00,2026-04-17T11:51:15-07:00,3,32
global.js,53,js,d7e2b73d,Ani,2026-04-17,11:51:15,-07:00,2026-04-17T11:51:15-07:00,2,7
global.js,54,js,d7e2b73d,Ani,2026-04-17,11:51:15,-07:00,2026-04-17T11:51:15-07:00,1,6
global.js,55,js,d7e2b73d,Ani,2026-04-17,11:51:15,-07:00,2026-04-17T11:51:15-07:00,1,0
global.js,56,js,d7e2b73d,Ani,2026-04-17,11:51:15,-07:00,2026-04-17T11:51:15-07:00,0,0
global.js,57,js,d7e2b73d,Ani,2026-04-17,11:51:15,-07:00,2026-04-17T11:51:15-07:00,0,0
global.js,58,js,d7e2b73d,Ani,2026-04-17,11:51:15,-07:00,2026-04-17T11:51:15-07:00,0,60
global.js,59,js,d7e2b73d,Ani,2026-04-17,11:51:15,-07:00,2026-04-17T11:51:15-07:00,0,0
global.js,60,js,d7e2b73d,Ani,2026-04-17,11:51:15,-07:00,2026-04-17T11:51:15-07:00,0,31
global.js,61,js,d7e2b73d,Ani,2026-04-17,11:51:15,-07:00,2026-04-17T11:51:15-07:00,1,65
global.js,62,js,d7e2b73d,Ani,2026-04-17,11:51:15,-07:00,2026-04-17T11:51:15-07:00,1,20
global.js,63,js,d7e2b73d,Ani,2026-04-17,11:51:15,-07:00,2026-04-17T11:51:15-07:00,0,0
global.js,64,js,d7e2b73d,Ani,2026-04-17,11:51:15,-07:00,2026-04-17T11:51:15-07:00,0,0
global.js,65,js,d7e2b73d,Ani,2026-04-17,11:51:15,-07:00,2026-04-17T11:51:15-07:00,0,49
global.js,66,js,d7e2b73d,Ani,2026-04-17,11:51:15,-07:00,2026-04-17T11:51:15-07:00,1,33
global.js,67,js,d7e2b73d,Ani,2026-04-17,11:51:15,-07:00,2026-04-17T11:51:15-07:00,1,44
global.js,68,js,d7e2b73d,Ani,2026-04-17,11:51:15,-07:00,2026-04-17T11:51:15-07:00,0,1
global.js,69,js,d7e2b73d,Ani,2026-04-17,11:51:15,-07:00,2026-04-17T11:51:15-07:00,0,0
global.js,70,js,d7e2b73d,Ani,2026-04-17,11:51:15,-07:00,2026-04-17T11:51:15-07:00,0,34
global.js,71,js,d7e2b73d,Ani,2026-04-17,11:51:15,-07:00,2026-04-17T11:51:15-07:00,1,39
global.js,72,js,bf26635e,Ani,2026-04-17,12:13:27,-07:00,2026-04-17T12:13:27-07:00,0,0
global.js,73,js,bf26635e,Ani,2026-04-17,12:13:27,-07:00,2026-04-17T12:13:27-07:00,0,0
global.js,74,js,bf26635e,Ani,2026-04-17,12:13:27,-07:00,2026-04-17T12:13:27-07:00,0,61
global.js,75,js,bf26635e,Ani,2026-04-17,12:13:27,-07:00,2026-04-17T12:13:27-07:00,0,49
global.js,76,js,bf26635e,Ani,2026-04-17,12:13:27,-07:00,2026-04-17T12:13:27-07:00,1,21
global.js,77,js,bf26635e,Ani,2026-04-17,12:13:27,-07:00,2026-04-17T12:13:27-07:00,1,30
global.js,78,js,bf26635e,Ani,2026-04-17,12:13:27,-07:00,2026-04-17T12:13:27-07:00,1,16
global.js,79,js,bf26635e,Ani,2026-04-17,12:13:27,-07:00,2026-04-17T12:13:27-07:00,1,31
global.js,80,js,bf26635e,Ani,2026-04-17,12:13:27,-07:00,2026-04-17T12:13:27-07:00,2,70
global.js,81,js,bf26635e,Ani,2026-04-17,12:13:27,-07:00,2026-04-17T12:13:27-07:00,1,0
global.js,82,js,bf26635e,Ani,2026-04-17,12:13:27,-07:00,2026-04-17T12:13:27-07:00,1,47
global.js,83,js,a601261b,Ani,2026-04-17,12:22:33,-07:00,2026-04-17T12:22:33-07:00,1,18
global.js,84,js,8a77e0c0,Ani,2026-04-24,21:10:11,-07:00,2026-04-24T21:10:11-07:00,0,1
global.js,85,js,8a77e0c0,Ani,2026-04-24,21:10:11,-07:00,2026-04-24T21:10:11-07:00,0,0
global.js,86,js,8a77e0c0,Ani,2026-04-24,21:10:11,-07:00,2026-04-24T21:10:11-07:00,0,36
global.js,87,js,8a77e0c0,Ani,2026-04-24,21:10:11,-07:00,2026-04-24T21:10:11-07:00,1,3
global.js,88,js,8a77e0c0,Ani,2026-04-24,21:10:11,-07:00,2026-04-24T21:10:11-07:00,2,32
global.js,89,js,8a77e0c0,Ani,2026-04-24,21:10:11,-07:00,2026-04-24T21:10:11-07:00,2,17
global.js,90,js,8a77e0c0,Ani,2026-04-24,21:10:11,-07:00,2026-04-24T21:10:11-07:00,3,66
global.js,91,js,8a77e0c0,Ani,2026-04-24,21:10:11,-07:00,2026-04-24T21:10:11-07:00,2,0
global.js,92,js,8a77e0c0,Ani,2026-04-24,21:10:11,-07:00,2026-04-24T21:10:11-07:00,2,27
global.js,93,js,8a77e0c0,Ani,2026-04-24,21:10:11,-07:00,2026-04-24T21:10:11-07:00,1,15
global.js,94,js,8a77e0c0,Ani,2026-04-24,21:10:11,-07:00,2026-04-24T21:10:11-07:00,2,59
global.js,95,js,8a77e0c0,Ani,2026-04-24,21:10:11,-07:00,2026-04-24T21:10:11-07:00,1,0
global.js,96,js,8a77e0c0,Ani,2026-04-24,21:10:11,-07:00,2026-04-24T21:10:11-07:00,0,0
global.js,97,js,8a77e0c0,Ani,2026-04-24,21:10:11,-07:00,2026-04-24T21:10:11-07:00,0,0
global.js,98,js,8a77e0c0,Ani,2026-04-24,21:10:11,-07:00,2026-04-24T21:10:11-07:00,0,79
global.js,99,js,8a77e0c0,Ani,2026-04-24,21:10:11,-07:00,2026-04-24T21:10:11-07:00,1,28
global.js,100,js,8a77e0c0,Ani,2026-04-24,21:10:11,-07:00,2026-04-24T21:10:11-07:00,1,30
global.js,101,js,8a77e0c0,Ani,2026-04-24,21:10:11,-07:00,2026-04-24T21:10:11-07:00,1,39
global.js,102,js,8a77e0c0,Ani,2026-04-24,21:10:11,-07:00,2026-04-24T21:10:11-07:00,2,55
global.js,103,js,8a77e0c0,Ani,2026-04-24,21:10:11,-07:00,2026-04-24T21:10:11-07:00,2,5
global.js,104,js,8a77e0c0,Ani,2026-04-24,21:10:11,-07:00,2026-04-24T21:10:11-07:00,1,0
global.js,105,js,8a77e0c0,Ani,2026-04-24,21:10:11,-07:00,2026-04-24T21:10:11-07:00,1,31
global.js,106,js,8a77e0c0,Ani,2026-04-24,21:10:11,-07:00,2026-04-24T21:10:11-07:00,2,48
global.js,107,js,8a77e0c0,Ani,2026-04-24,21:10:11,-07:00,2026-04-24T21:10:11-07:00,2,19
global.js,108,js,dfbab867,Ani,2026-05-01,18:00:29,-07:00,2026-05-01T18:00:29-07:00,3,71
global.js,109,js,dfbab867,Ani,2026-05-01,18:00:29,-07:00,2026-05-01T18:00:29-07:00,3,107
global.js,110,js,dfbab867,Ani,2026-05-01,18:00:29,-07:00,2026-05-01T18:00:29-07:00,3,3
global.js,111,js,dfbab867,Ani,2026-05-01,18:00:29,-07:00,2026-05-01T18:00:29-07:00,4,33
global.js,112,js,dfbab867,Ani,2026-05-01,18:00:29,-07:00,2026-05-01T18:00:29-07:00,4,104
global.js,113,js,dfbab867,Ani,2026-05-01,18:00:29,-07:00,2026-05-01T18:00:29-07:00,3,4
global.js,114,js,8a77e0c0,Ani,2026-04-24,21:10:11,-07:00,2026-04-24T21:10:11-07:00,2,0
global.js,115,js,8a77e0c0,Ani,2026-04-24,21:10:11,-07:00,2026-04-24T21:10:11-07:00,2,36
global.js,116,js,8a77e0c0,Ani,2026-04-24,21:10:11,-07:00,2026-04-24T21:10:11-07:00,1,0
global.js,117,js,8a77e0c0,Ani,2026-04-24,21:10:11,-07:00,2026-04-24T21:10:11-07:00,0,0
global.js,118,js,8a77e0c0,Ani,2026-04-24,21:10:11,-07:00,2026-04-24T21:10:11-07:00,0,0
global.js,119,js,8a77e0c0,Ani,2026-04-24,21:10:11,-07:00,2026-04-24T21:10:11-07:00,0,47
global.js,120,js,8a77e0c0,Ani,2026-04-24,21:10:11,-07:00,2026-04-24T21:10:11-07:00,1,59
global.js,121,js,8a77e0c0,Ani,2026-04-24,21:10:11,-07:00,2026-04-24T21:10:11-07:00,0,0
resume/index.html,1,html,b81e44ab,Ani,2026-04-03,17:11:16,-07:00,2026-04-03T17:11:16-07:00,0,13
resume/index.html,2,html,b81e44ab,Ani,2026-04-03,17:11:16,-07:00,2026-04-03T17:11:16-07:00,0,14
resume/index.html,3,html,b81e44ab,Ani,2026-04-03,17:11:16,-07:00,2026-04-03T17:11:16-07:00,0,4
resume/index.html,4,html,b81e44ab,Ani,2026-04-03,17:11:16,-07:00,2026-04-03T17:11:16-07:00,2,20
resume/index.html,5,html,b81e44ab,Ani,2026-04-03,17:11:16,-07:00,2026-04-03T17:11:16-07:00,2,68
resume/index.html,6,html,0be763a5,Ani,2026-04-09,15:36:58,-07:00,2026-04-09T15:36:58-07:00,2,41
resume/index.html,7,html,f5170bef,Ani,2026-04-17,11:36:12,-07:00,2026-04-17T11:36:12-07:00,2,48
resume/index.html,8,html,b81e44ab,Ani,2026-04-03,17:11:16,-07:00,2026-04-03T17:11:16-07:00,2,19
resume/index.html,9,html,b81e44ab,Ani,2026-04-03,17:11:16,-07:00,2026-04-03T17:11:16-07:00,0,5
resume/index.html,10,html,b81e44ab,Ani,2026-04-03,17:11:16,-07:00,2026-04-03T17:11:16-07:00,0,4
resume/index.html,11,html,b81e44ab,Ani,2026-04-03,17:11:16,-07:00,2026-04-03T17:11:16-07:00,2,13
resume/index.html,12,html,b81e44ab,Ani,2026-04-03,17:11:16,-07:00,2026-04-03T17:11:16-07:00,2,7
resume/index.html,13,html,6cc2fad2,Ani,2026-04-03,17:22:21,-07:00,2026-04-03T17:22:21-07:00,4,6
resume/index.html,14,html,6cc2fad2,Ani,2026-04-03,17:22:21,-07:00,2026-04-03T17:22:21-07:00,6,16
resume/index.html,15,html,6cc2fad2,Ani,2026-04-03,17:22:21,-07:00,2026-04-03T17:22:21-07:00,4,7
resume/index.html,16,html,b81e44ab,Ani,2026-04-03,17:11:16,-07:00,2026-04-03T17:11:16-07:00,4,2
resume/index.html,17,html,b81e44ab,Ani,2026-04-03,17:11:16,-07:00,2026-04-03T17:11:16-07:00,6,2
resume/index.html,18,html,6cc2fad2,Ani,2026-04-03,17:22:21,-07:00,2026-04-03T17:22:21-07:00,8,94
resume/index.html,19,html,b81e44ab,Ani,2026-04-03,17:11:16,-07:00,2026-04-03T17:11:16-07:00,8,2
resume/index.html,20,html,6cc2fad2,Ani,2026-04-03,17:22:21,-07:00,2026-04-03T17:22:21-07:00,8,5
resume/index.html,21,html,6cc2fad2,Ani,2026-04-03,17:22:21,-07:00,2026-04-03T17:22:21-07:00,10,67
resume/index.html,22,html,6cc2fad2,Ani,2026-04-03,17:22:21,-07:00,2026-04-03T17:22:21-07:00,8,6
resume/index.html,23,html,6cc2fad2,Ani,2026-04-03,17:22:21,-07:00,2026-04-03T17:22:21-07:00,8,2
resume/index.html,24,html,6cc2fad2,Ani,2026-04-03,17:22:21,-07:00,2026-04-03T17:22:21-07:00,8,125
resume/index.html,25,html,b81e44ab,Ani,2026-04-03,17:11:16,-07:00,2026-04-03T17:11:16-07:00,6,3
resume/index.html,26,html,b81e44ab,Ani,2026-04-03,17:11:16,-07:00,2026-04-03T17:11:16-07:00,4,3
resume/index.html,27,html,b81e44ab,Ani,2026-04-03,17:11:16,-07:00,2026-04-03T17:11:16-07:00,2,8
resume/index.html,28,html,b81e44ab,Ani,2026-04-03,17:11:16,-07:00,2026-04-03T17:11:16-07:00,2,7
resume/index.html,29,html,6cc2fad2,Ani,2026-04-03,17:22:21,-07:00,2026-04-03T17:22:21-07:00,4,6
resume/index.html,30,html,6cc2fad2,Ani,2026-04-03,17:22:21,-07:00,2026-04-03T17:22:21-07:00,6,17
resume/index.html,31,html,6cc2fad2,Ani,2026-04-03,17:22:21,-07:00,2026-04-03T17:22:21-07:00,4,7
resume/index.html,32,html,6cc2fad2,Ani,2026-04-03,17:22:21,-07:00,2026-04-03T17:22:21-07:00,4,7
resume/index.html,33,html,6cc2fad2,Ani,2026-04-03,17:22:21,-07:00,2026-04-03T17:22:21-07:00,6,6
resume/index.html,34,html,6cc2fad2,Ani,2026-04-03,17:22:21,-07:00,2026-04-03T17:22:21-07:00,8,135
resume/index.html,35,html,6cc2fad2,Ani,2026-04-03,17:22:21,-07:00,2026-04-03T17:22:21-07:00,6,7
resume/index.html,36,html,6cc2fad2,Ani,2026-04-03,17:22:21,-07:00,2026-04-03T17:22:21-07:00,6,2
resume/index.html,37,html,6cc2fad2,Ani,2026-04-03,17:22:21,-07:00,2026-04-03T17:22:21-07:00,8,91
resume/index.html,38,html,6cc2fad2,Ani,2026-04-03,17:22:21,-07:00,2026-04-03T17:22:21-07:00,8,91
resume/index.html,39,html,6cc2fad2,Ani,2026-04-03,17:22:21,-07:00,2026-04-03T17:22:21-07:00,8,102
resume/index.html,40,html,6cc2fad2,Ani,2026-04-03,17:22:21,-07:00,2026-04-03T17:22:21-07:00,8,92
resume/index.html,41,html,6cc2fad2,Ani,2026-04-03,17:22:21,-07:00,2026-04-03T17:22:21-07:00,6,3
resume/index.html,42,html,6cc2fad2,Ani,2026-04-03,17:22:21,-07:00,2026-04-03T17:22:21-07:00,4,8
resume/index.html,43,html,6cc2fad2,Ani,2026-04-03,17:22:21,-07:00,2026-04-03T17:22:21-07:00,4,7
resume/index.html,44,html,6cc2fad2,Ani,2026-04-03,17:22:21,-07:00,2026-04-03T17:22:21-07:00,6,6
resume/index.html,45,html,6cc2fad2,Ani,2026-04-03,17:22:21,-07:00,2026-04-03T17:22:21-07:00,8,127
resume/index.html,46,html,6cc2fad2,Ani,2026-04-03,17:22:21,-07:00,2026-04-03T17:22:21-07:00,6,7
resume/index.html,47,html,6cc2fad2,Ani,2026-04-03,17:22:21,-07:00,2026-04-03T17:22:21-07:00,6,2
resume/index.html,48,html,6cc2fad2,Ani,2026-04-03,17:22:21,-07:00,2026-04-03T17:22:21-07:00,8,81
resume/index.html,49,html,6cc2fad2,Ani,2026-04-03,17:22:21,-07:00,2026-04-03T17:22:21-07:00,8,81
resume/index.html,50,html,6cc2fad2,Ani,2026-04-03,17:22:21,-07:00,2026-04-03T17:22:21-07:00,8,90
resume/index.html,51,html,6cc2fad2,Ani,2026-04-03,17:22:21,-07:00,2026-04-03T17:22:21-07:00,6,3
resume/index.html,52,html,6cc2fad2,Ani,2026-04-03,17:22:21,-07:00,2026-04-03T17:22:21-07:00,4,8
resume/index.html,53,html,b81e44ab,Ani,2026-04-03,17:11:16,-07:00,2026-04-03T17:11:16-07:00,2,8
resume/index.html,54,html,b81e44ab,Ani,2026-04-03,17:11:16,-07:00,2026-04-03T17:11:16-07:00,2,7
resume/index.html,55,html,6cc2fad2,Ani,2026-04-03,17:22:21,-07:00,2026-04-03T17:22:21-07:00,4,6
resume/index.html,56,html,6cc2fad2,Ani,2026-04-03,17:22:21,-07:00,2026-04-03T17:22:21-07:00,6,13
resume/index.html,57,html,6cc2fad2,Ani,2026-04-03,17:22:21,-07:00,2026-04-03T17:22:21-07:00,4,7
resume/index.html,58,html,b81e44ab,Ani,2026-04-03,17:11:16,-07:00,2026-04-03T17:11:16-07:00,4,2
resume/index.html,59,html,6cc2fad2,Ani,2026-04-03,17:22:21,-07:00,2026-04-03T17:22:21-07:00,6,44
resume/index.html,60,html,6cc2fad2,Ani,2026-04-03,17:22:21,-07:00,2026-04-03T17:22:21-07:00,6,47
resume/index.html,61,html,6cc2fad2,Ani,2026-04-03,17:22:21,-07:00,2026-04-03T17:22:21-07:00,6,96
resume/index.html,62,html,b81e44ab,Ani,2026-04-03,17:11:16,-07:00,2026-04-03T17:11:16-07:00,4,3
resume/index.html,63,html,b81e44ab,Ani,2026-04-03,17:11:16,-07:00,2026-04-03T17:11:16-07:00,2,8
resume/index.html,64,html,b81e44ab,Ani,2026-04-03,17:11:16,-07:00,2026-04-03T17:11:16-07:00,2,7
resume/index.html,65,html,6cc2fad2,Ani,2026-04-03,17:22:21,-07:00,2026-04-03T17:22:21-07:00,4,6
resume/index.html,66,html,6cc2fad2,Ani,2026-04-03,17:22:21,-07:00,2026-04-03T17:22:21-07:00,6,15
resume/index.html,67,html,6cc2fad2,Ani,2026-04-03,17:22:21,-07:00,2026-04-03T17:22:21-07:00,4,7
resume/index.html,68,html,6cc2fad2,Ani,2026-04-03,17:22:21,-07:00,2026-04-03T17:22:21-07:00,4,7
resume/index.html,69,html,6cc2fad2,Ani,2026-04-03,17:22:21,-07:00,2026-04-03T17:22:21-07:00,6,157
resume/index.html,70,html,6cc2fad2,Ani,2026-04-03,17:22:21,-07:00,2026-04-03T17:22:21-07:00,4,8
resume/index.html,71,html,6cc2fad2,Ani,2026-04-03,17:22:21,-07:00,2026-04-03T17:22:21-07:00,4,7
resume/index.html,72,html,6cc2fad2,Ani,2026-04-03,17:22:21,-07:00,2026-04-03T17:22:21-07:00,6,160
resume/index.html,73,html,6cc2fad2,Ani,2026-04-03,17:22:21,-07:00,2026-04-03T17:22:21-07:00,4,8
resume/index.html,74,html,b81e44ab,Ani,2026-04-03,17:11:16,-07:00,2026-04-03T17:11:16-07:00,2,8
resume/index.html,75,html,bf26635e,Ani,2026-04-17,12:13:27,-07:00,2026-04-17T12:13:27-07:00,2,59
resume/index.html,76,html,bf26635e,Ani,2026-04-17,12:13:27,-07:00,2026-04-17T12:13:27-07:00,4,35
resume/index.html,77,html,bf26635e,Ani,2026-04-17,12:13:27,-07:00,2026-04-17T12:13:27-07:00,4,45
resume/index.html,78,html,bf26635e,Ani,2026-04-17,12:13:27,-07:00,2026-04-17T12:13:27-07:00,4,29
resume/index.html,79,html,bf26635e,Ani,2026-04-17,12:13:27,-07:00,2026-04-17T12:13:27-07:00,4,60
resume/index.html,80,html,bf26635e,Ani,2026-04-17,12:13:27,-07:00,2026-04-17T12:13:27-07:00,4,35
resume/index.html,81,html,bf26635e,Ani,2026-04-17,12:13:27,-07:00,2026-04-17T12:13:27-07:00,2,5
resume/index.html,82,html,b81e44ab,Ani,2026-04-03,17:11:16,-07:00,2026-04-03T17:11:16-07:00,0,5
resume/index.html,83,html,b81e44ab,Ani,2026-04-03,17:11:16,-07:00,2026-04-03T17:11:16-07:00,0,5
projects/projects.js,1,js,9d0cc2e7,Ani,2026-05-01,23:01:47,-07:00,2026-05-01T23:01:47-07:00,0,63
projects/projects.js,2,js,8a77e0c0,Ani,2026-04-24,21:10:11,-07:00,2026-04-24T21:10:11-07:00,0,55
projects/projects.js,3,js,8a77e0c0,Ani,2026-04-24,21:10:11,-07:00,2026-04-24T21:10:11-07:00,0,0
projects/projects.js,4,js,8a77e0c0,Ani,2026-04-24,21:10:11,-07:00,2026-04-24T21:10:11-07:00,0,55
projects/projects.js,5,js,8a77e0c0,Ani,2026-04-24,21:10:11,-07:00,2026-04-24T21:10:11-07:00,0,60
projects/projects.js,6,js,0e95dbe1,Ani,2026-05-01,23:08:40,-07:00,2026-05-01T23:08:40-07:00,0,55
projects/projects.js,7,js,0e95dbe1,Ani,2026-05-01,23:08:40,-07:00,2026-05-01T23:08:40-07:00,0,13
projects/projects.js,8,js,0e95dbe1,Ani,2026-05-01,23:08:40,-07:00,2026-05-01T23:08:40-07:00,0,21
projects/projects.js,9,js,0e95dbe1,Ani,2026-05-01,23:08:40,-07:00,2026-05-01T23:08:40-07:00,0,49
projects/projects.js,10,js,8a77e0c0,Ani,2026-04-24,21:10:11,-07:00,2026-04-24T21:10:11-07:00,0,0
projects/projects.js,11,js,9d0cc2e7,Ani,2026-05-01,23:01:47,-07:00,2026-05-01T23:01:47-07:00,0,30
projects/projects.js,12,js,9d0cc2e7,Ani,2026-05-01,23:01:47,-07:00,2026-05-01T23:01:47-07:00,1,20
projects/projects.js,13,js,9d0cc2e7,Ani,2026-05-01,23:01:47,-07:00,2026-05-01T23:01:47-07:00,1,31
projects/projects.js,14,js,9d0cc2e7,Ani,2026-05-01,23:01:47,-07:00,2026-05-01T23:01:47-07:00,2,17
projects/projects.js,15,js,9d0cc2e7,Ani,2026-05-01,23:01:47,-07:00,2026-05-01T23:01:47-07:00,3,61
projects/projects.js,16,js,9d0cc2e7,Ani,2026-05-01,23:01:47,-07:00,2026-05-01T23:01:47-07:00,2,0
projects/projects.js,17,js,8a77e0c0,Ani,2026-04-24,21:10:11,-07:00,2026-04-24T21:10:11-07:00,1,0
projects/projects.js,18,js,b0bdf103,Ani,2026-05-01,23:28:52,-07:00,2026-05-01T23:28:52-07:00,1,81
projects/projects.js,19,js,b0bdf103,Ani,2026-05-01,23:28:52,-07:00,2026-05-01T23:28:52-07:00,0,0
projects/projects.js,20,js,b0bdf103,Ani,2026-05-01,23:28:52,-07:00,2026-05-01T23:28:52-07:00,0,0
projects/projects.js,21,js,b0bdf103,Ani,2026-05-01,23:28:52,-07:00,2026-05-01T23:28:52-07:00,0,30
projects/projects.js,22,js,b0bdf103,Ani,2026-05-01,23:28:52,-07:00,2026-05-01T23:28:52-07:00,1,26
projects/projects.js,23,js,b0bdf103,Ani,2026-05-01,23:28:52,-07:00,2026-05-01T23:28:52-07:00,1,31
projects/projects.js,24,js,b0bdf103,Ani,2026-05-01,23:28:52,-07:00,2026-05-01T23:28:52-07:00,2,75
projects/projects.js,25,js,b0bdf103,Ani,2026-05-01,23:28:52,-07:00,2026-05-01T23:28:52-07:00,1,0
projects/projects.js,26,js,b0bdf103,Ani,2026-05-01,23:28:52,-07:00,2026-05-01T23:28:52-07:00,0,0
projects/projects.js,27,js,b0bdf103,Ani,2026-05-01,23:28:52,-07:00,2026-05-01T23:28:52-07:00,0,0
projects/projects.js,28,js,b0bdf103,Ani,2026-05-01,23:28:52,-07:00,2026-05-01T23:28:52-07:00,0,41
projects/projects.js,29,js,b0bdf103,Ani,2026-05-01,23:28:52,-07:00,2026-05-01T23:28:52-07:00,1,50
projects/projects.js,30,js,b0bdf103,Ani,2026-05-01,23:28:52,-07:00,2026-05-01T23:28:52-07:00,1,25
projects/projects.js,31,js,b0bdf103,Ani,2026-05-01,23:28:52,-07:00,2026-05-01T23:28:52-07:00,2,56
projects/projects.js,32,js,b0bdf103,Ani,2026-05-01,23:28:52,-07:00,2026-05-01T23:28:52-07:00,1,6
projects/projects.js,33,js,b0bdf103,Ani,2026-05-01,23:28:52,-07:00,2026-05-01T23:28:52-07:00,2,41
projects/projects.js,34,js,b0bdf103,Ani,2026-05-01,23:28:52,-07:00,2026-05-01T23:28:52-07:00,2,38
projects/projects.js,35,js,b0bdf103,Ani,2026-05-01,23:28:52,-07:00,2026-05-01T23:28:52-07:00,2,9
projects/projects.js,36,js,b0bdf103,Ani,2026-05-01,23:28:52,-07:00,2026-05-01T23:28:52-07:00,3,13
projects/projects.js,37,js,b0bdf103,Ani,2026-05-01,23:28:52,-07:00,2026-05-01T23:28:52-07:00,4,60
projects/projects.js,38,js,b0bdf103,Ani,2026-05-01,23:28:52,-07:00,2026-05-01T23:28:52-07:00,4,16
projects/projects.js,39,js,b0bdf103,Ani,2026-05-01,23:28:52,-07:00,2026-05-01T23:28:52-07:00,4,2
projects/projects.js,40,js,b0bdf103,Ani,2026-05-01,23:28:52,-07:00,2026-05-01T23:28:52-07:00,3,0
projects/projects.js,41,js,b0bdf103,Ani,2026-05-01,23:28:52,-07:00,2026-05-01T23:28:52-07:00,2,0
projects/projects.js,42,js,b0bdf103,Ani,2026-05-01,23:28:52,-07:00,2026-05-01T23:28:52-07:00,1,0
projects/projects.js,43,js,dfbab867,Ani,2026-05-01,18:00:29,-07:00,2026-05-01T18:00:29-07:00,0,0
projects/projects.js,44,js,dfbab867,Ani,2026-05-01,18:00:29,-07:00,2026-05-01T18:00:29-07:00,0,0
projects/projects.js,45,js,0e95dbe1,Ani,2026-05-01,23:08:40,-07:00,2026-05-01T23:08:40-07:00,0,60
projects/projects.js,46,js,0e95dbe1,Ani,2026-05-01,23:08:40,-07:00,2026-05-01T23:08:40-07:00,1,38
projects/projects.js,47,js,9d0cc2e7,Ani,2026-05-01,23:01:47,-07:00,2026-05-01T23:01:47-07:00,1,42
projects/projects.js,48,js,9d0cc2e7,Ani,2026-05-01,23:01:47,-07:00,2026-05-01T23:01:47-07:00,1,26
projects/projects.js,49,js,b0bdf103,Ani,2026-05-01,23:28:52,-07:00,2026-05-01T23:28:52-07:00,0,0
projects/projects.js,50,js,8f54c984,Ani,2026-05-01,23:35:44,-07:00,2026-05-01T23:35:44-07:00,1,59
projects/projects.js,51,js,9d0cc2e7,Ani,2026-05-01,23:01:47,-07:00,2026-05-01T23:01:47-07:00,1,39
projects/projects.js,52,js,9d0cc2e7,Ani,2026-05-01,23:01:47,-07:00,2026-05-01T23:01:47-07:00,1,24
projects/projects.js,53,js,9d0cc2e7,Ani,2026-05-01,23:01:47,-07:00,2026-05-01T23:01:47-07:00,0,0
projects/projects.js,54,js,8f54c984,Ani,2026-05-01,23:35:44,-07:00,2026-05-01T23:35:44-07:00,1,19
projects/projects.js,55,js,9d0cc2e7,Ani,2026-05-01,23:01:47,-07:00,2026-05-01T23:01:47-07:00,2,12
projects/projects.js,56,js,9d0cc2e7,Ani,2026-05-01,23:01:47,-07:00,2026-05-01T23:01:47-07:00,2,6
projects/projects.js,57,js,9d0cc2e7,Ani,2026-05-01,23:01:47,-07:00,2026-05-01T23:01:47-07:00,2,13
projects/projects.js,58,js,9d0cc2e7,Ani,2026-05-01,23:01:47,-07:00,2026-05-01T23:01:47-07:00,2,22
projects/projects.js,59,js,9d0cc2e7,Ani,2026-05-01,23:01:47,-07:00,2026-05-01T23:01:47-07:00,2,32
projects/projects.js,60,js,0e95dbe1,Ani,2026-05-01,23:08:40,-07:00,2026-05-01T23:08:40-07:00,2,59
projects/projects.js,61,js,b0bdf103,Ani,2026-05-01,23:28:52,-07:00,2026-05-01T23:28:52-07:00,2,25
projects/projects.js,62,js,b0bdf103,Ani,2026-05-01,23:28:52,-07:00,2026-05-01T23:28:52-07:00,2,31
projects/projects.js,63,js,b0bdf103,Ani,2026-05-01,23:28:52,-07:00,2026-05-01T23:28:52-07:00,3,55
projects/projects.js,64,js,b0bdf103,Ani,2026-05-01,23:28:52,-07:00,2026-05-01T23:28:52-07:00,3,36
projects/projects.js,65,js,9d0cc2e7,Ani,2026-05-01,23:01:47,-07:00,2026-05-01T23:01:47-07:00,2,1
projects/projects.js,66,js,9d0cc2e7,Ani,2026-05-01,23:01:47,-07:00,2026-05-01T23:01:47-07:00,0,0
projects/projects.js,67,js,9d0cc2e7,Ani,2026-05-01,23:01:47,-07:00,2026-05-01T23:01:47-07:00,1,34
projects/projects.js,68,js,9d0cc2e7,Ani,2026-05-01,23:01:47,-07:00,2026-05-01T23:01:47-07:00,1,29
projects/projects.js,69,js,b0bdf103,Ani,2026-05-01,23:28:52,-07:00,2026-05-01T23:28:52-07:00,0,0
projects/projects.js,70,js,9d0cc2e7,Ani,2026-05-01,23:01:47,-07:00,2026-05-01T23:01:47-07:00,1,24
projects/projects.js,71,js,9d0cc2e7,Ani,2026-05-01,23:01:47,-07:00,2026-05-01T23:01:47-07:00,2,17
projects/projects.js,72,js,9d0cc2e7,Ani,2026-05-01,23:01:47,-07:00,2026-05-01T23:01:47-07:00,3,38
projects/projects.js,73,js,8f54c984,Ani,2026-05-01,23:35:44,-07:00,2026-05-01T23:35:44-07:00,3,72
projects/projects.js,74,js,b0bdf103,Ani,2026-05-01,23:28:52,-07:00,2026-05-01T23:28:52-07:00,3,25
projects/projects.js,75,js,9d0cc2e7,Ani,2026-05-01,23:01:47,-07:00,2026-05-01T23:01:47-07:00,3,68
projects/projects.js,76,js,9d0cc2e7,Ani,2026-05-01,23:01:47,-07:00,2026-05-01T23:01:47-07:00,3,23
projects/projects.js,77,js,9d0cc2e7,Ani,2026-05-01,23:01:47,-07:00,2026-05-01T23:01:47-07:00,4,47
projects/projects.js,78,js,b0bdf103,Ani,2026-05-01,23:28:52,-07:00,2026-05-01T23:28:52-07:00,4,36
projects/projects.js,79,js,9d0cc2e7,Ani,2026-05-01,23:01:47,-07:00,2026-05-01T23:01:47-07:00,3,1
projects/projects.js,80,js,9d0cc2e7,Ani,2026-05-01,23:01:47,-07:00,2026-05-01T23:01:47-07:00,1,1
projects/projects.js,81,js,dfbab867,Ani,2026-05-01,18:00:29,-07:00,2026-05-01T18:00:29-07:00,0,0
projects/projects.js,82,js,dfbab867,Ani,2026-05-01,18:00:29,-07:00,2026-05-01T18:00:29-07:00,0,0
projects/projects.js,83,js,0e95dbe1,Ani,2026-05-01,23:08:40,-07:00,2026-05-01T23:08:40-07:00,0,48
projects/projects.js,84,js,0e95dbe1,Ani,2026-05-01,23:08:40,-07:00,2026-05-01T23:08:40-07:00,0,27
projects/projects.js,85,js,0e95dbe1,Ani,2026-05-01,23:08:40,-07:00,2026-05-01T23:08:40-07:00,0,0
projects/projects.js,86,js,0e95dbe1,Ani,2026-05-01,23:08:40,-07:00,2026-05-01T23:08:40-07:00,0,48
projects/projects.js,87,js,0e95dbe1,Ani,2026-05-01,23:08:40,-07:00,2026-05-01T23:08:40-07:00,1,25
projects/projects.js,88,js,0e95dbe1,Ani,2026-05-01,23:08:40,-07:00,2026-05-01T23:08:40-07:00,1,17
projects/projects.js,89,js,b0bdf103,Ani,2026-05-01,23:28:52,-07:00,2026-05-01T23:28:52-07:00,1,37
projects/projects.js,90,js,b0bdf103,Ani,2026-05-01,23:28:52,-07:00,2026-05-01T23:28:52-07:00,1,48
projects/projects.js,91,js,b0bdf103,Ani,2026-05-01,23:28:52,-07:00,2026-05-01T23:28:52-07:00,1,42
projects/projects.js,92,js,0e95dbe1,Ani,2026-05-01,23:08:40,-07:00,2026-05-01T23:08:40-07:00,0,1
projects/index.html,1,html,a4fbb271,Ani,2026-04-03,12:27:28,-07:00,2026-04-03T12:27:28-07:00,0,13
projects/index.html,2,html,a4fbb271,Ani,2026-04-03,12:27:28,-07:00,2026-04-03T12:27:28-07:00,0,14
projects/index.html,3,html,a4fbb271,Ani,2026-04-03,12:27:28,-07:00,2026-04-03T12:27:28-07:00,0,4
projects/index.html,4,html,a4fbb271,Ani,2026-04-03,12:27:28,-07:00,2026-04-03T12:27:28-07:00,2,20
projects/index.html,5,html,a4fbb271,Ani,2026-04-03,12:27:28,-07:00,2026-04-03T12:27:28-07:00,2,68
projects/index.html,6,html,0be763a5,Ani,2026-04-09,15:36:58,-07:00,2026-04-09T15:36:58-07:00,2,41
projects/index.html,7,html,f5170bef,Ani,2026-04-17,11:36:12,-07:00,2026-04-17T11:36:12-07:00,2,48
projects/index.html,8,html,a4fbb271,Ani,2026-04-03,12:27:28,-07:00,2026-04-03T12:27:28-07:00,2,34
projects/index.html,9,html,a4fbb271,Ani,2026-04-03,12:27:28,-07:00,2026-04-03T12:27:28-07:00,0,5
projects/index.html,10,html,a4fbb271,Ani,2026-04-03,12:27:28,-07:00,2026-04-03T12:27:28-07:00,0,4
projects/index.html,11,html,8a77e0c0,Ani,2026-04-24,21:10:11,-07:00,2026-04-24T21:10:11-07:00,2,38
projects/index.html,12,html,0e95dbe1,Ani,2026-05-01,23:08:40,-07:00,2026-05-01T23:08:40-07:00,2,4
projects/index.html,13,html,0e95dbe1,Ani,2026-05-01,23:08:40,-07:00,2026-05-01T23:08:40-07:00,3,15
projects/index.html,14,html,0e95dbe1,Ani,2026-05-01,23:08:40,-07:00,2026-05-01T23:08:40-07:00,3,11
projects/index.html,15,html,0e95dbe1,Ani,2026-05-01,23:08:40,-07:00,2026-05-01T23:08:40-07:00,3,26
projects/index.html,16,html,0e95dbe1,Ani,2026-05-01,23:08:40,-07:00,2026-05-01T23:08:40-07:00,3,31
projects/index.html,17,html,0e95dbe1,Ani,2026-05-01,23:08:40,-07:00,2026-05-01T23:08:40-07:00,2,0
projects/index.html,18,html,ee80c337,Ani,2026-05-01,20:18:46,-07:00,2026-05-01T20:18:46-07:00,2,34
projects/index.html,19,html,ee80c337,Ani,2026-05-01,20:18:46,-07:00,2026-05-01T20:18:46-07:00,3,58
projects/index.html,20,html,ee80c337,Ani,2026-05-01,20:18:46,-07:00,2026-05-01T20:18:46-07:00,3,22
projects/index.html,21,html,ee80c337,Ani,2026-05-01,20:18:46,-07:00,2026-05-01T20:18:46-07:00,2,4
projects/index.html,22,html,8a77e0c0,Ani,2026-04-24,21:10:11,-07:00,2026-04-24T21:10:11-07:00,2,26
projects/index.html,23,html,8a77e0c0,Ani,2026-04-24,21:10:11,-07:00,2026-04-24T21:10:11-07:00,2,48
projects/index.html,24,html,8a77e0c0,Ani,2026-04-24,21:10:11,-07:00,2026-04-24T21:10:11-07:00,2,47
projects/index.html,25,html,a4fbb271,Ani,2026-04-03,12:27:28,-07:00,2026-04-03T12:27:28-07:00,0,5
projects/index.html,26,html,a4fbb271,Ani,2026-04-03,12:27:28,-07:00,2026-04-03T12:27:28-07:00,0,5
contact/index.html,1,html,a4fbb271,Ani,2026-04-03,12:27:28,-07:00,2026-04-03T12:27:28-07:00,0,13
contact/index.html,2,html,a4fbb271,Ani,2026-04-03,12:27:28,-07:00,2026-04-03T12:27:28-07:00,0,14
contact/index.html,3,html,a4fbb271,Ani,2026-04-03,12:27:28,-07:00,2026-04-03T12:27:28-07:00,0,4
contact/index.html,4,html,a4fbb271,Ani,2026-04-03,12:27:28,-07:00,2026-04-03T12:27:28-07:00,2,20
contact/index.html,5,html,a4fbb271,Ani,2026-04-03,12:27:28,-07:00,2026-04-03T12:27:28-07:00,2,68
contact/index.html,6,html,0be763a5,Ani,2026-04-09,15:36:58,-07:00,2026-04-09T15:36:58-07:00,2,41
contact/index.html,7,html,f5170bef,Ani,2026-04-17,11:36:12,-07:00,2026-04-17T11:36:12-07:00,2,48
contact/index.html,8,html,a4fbb271,Ani,2026-04-03,12:27:28,-07:00,2026-04-03T12:27:28-07:00,2,20
contact/index.html,9,html,a4fbb271,Ani,2026-04-03,12:27:28,-07:00,2026-04-03T12:27:28-07:00,0,5
contact/index.html,10,html,a4fbb271,Ani,2026-04-03,12:27:28,-07:00,2026-04-03T12:27:28-07:00,0,4
contact/index.html,11,html,a4fbb271,Ani,2026-04-03,12:27:28,-07:00,2026-04-03T12:27:28-07:00,2,17
contact/index.html,12,html,852f567d,Ani,2026-04-17,12:17:52,-07:00,2026-04-17T12:17:52-07:00,2,59
contact/index.html,13,html,2d0ffbd9,Ani,2026-04-09,15:58:44,-07:00,2026-04-09T15:58:44-07:00,4,31
contact/index.html,14,html,044f4330,Ani,2026-04-09,15:57:07,-07:00,2026-04-09T15:57:07-07:00,4,64
contact/index.html,15,html,2d0ffbd9,Ani,2026-04-09,15:58:44,-07:00,2026-04-09T15:58:44-07:00,4,35
contact/index.html,16,html,044f4330,Ani,2026-04-09,15:57:07,-07:00,2026-04-09T15:57:07-07:00,4,77
contact/index.html,17,html,2d0ffbd9,Ani,2026-04-09,15:58:44,-07:00,2026-04-09T15:58:44-07:00,4,29
contact/index.html,18,html,044f4330,Ani,2026-04-09,15:57:07,-07:00,2026-04-09T15:57:07-07:00,4,70
contact/index.html,19,html,bb8759e2,Ani,2026-04-03,13:02:08,-07:00,2026-04-03T13:02:08-07:00,4,35
contact/index.html,20,html,a0316ab0,Ani,2026-04-03,12:34:44,-07:00,2026-04-03T12:34:44-07:00,2,5
contact/index.html,21,html,a4fbb271,Ani,2026-04-03,12:27:28,-07:00,2026-04-03T12:27:28-07:00,0,5
contact/index.html,22,html,a4fbb271,Ani,2026-04-03,12:27:28,-07:00,2026-04-03T12:27:28-07:00,0,5
